,4 klasė – teisingai,4 klasė – klaidingai,5 klasė – teisingai,5 klasė – klaidingai
tsne_1,-5.700502347692308,0.969095741764706,-1.631138779722222,-5.335279177391303
tsne_2,-0.7910861425384614,0.06481937826470587,0.1455287295833333,0.9299025382608698
