,4 klasė – teisingai,4 klasė – klaidingai,5 klasė – teisingai,5 klasė – klaidingai
FCVC,0.624375,0.626,0.6579464285714286,0.8416666666666667
FAF,0.34858249999999996,0.25366500000000003,0.3561910714285714,0.5289
CH2O,0.59775,0.43550000000000005,0.4166071428571429,0.9700000000000001
NCP,0.4289325,0.618025,0.6115,0.6667
TUE,0.336375,0.2145,0.20196428571428568,0.043333333333333335
MTRANS,0.89375,0.9,0.8883928571428571,0.6666666666666666
