Požymių rinkinys,Geriausias modelis,Hold-out acc,Hold-out F1,CV acc (mean),CV F1 (mean),Test acc,Test F1,Test AUC
Originalūs 6,rf_baseline,0.8526315789473684,0.8526315789473684,0.8989473684210527,0.8987929687412277,0.8991596638655462,0.8991454208802165,0.956638418079096
t-SNE 2D,rf_more_trees,0.8736842105263158,0.8736842105263158,0.8589473684210527,0.8583915568709866,0.5294117647058824,0.5284130630180764,0.5166666666666666
