setup,accuracy,precision,recall,f1,auc
oob_val,0.8968421052631579,0.8970135107884654,0.8968421052631579,0.8968283867891095,0.9491454809772011
holdout_val,0.8526315789473684,0.8526315789473684,0.8526315789473684,0.8526315789473684,
cv_val_mean,0.8989473684210527,0.9010174339683761,0.8989473684210527,0.8987929687412277,
test,0.8991596638655462,0.8996394487698981,0.8991596638655462,0.8991454208802165,0.956638418079096
