setup,accuracy,precision,recall,f1,auc
oob_val_tsne,0.8631578947368421,0.864594425921657,0.8631578947368421,0.863012168815073,0.9169946459596496
holdout_val_tsne,0.8736842105263158,0.8736842105263158,0.8736842105263158,0.8736842105263158,
cv_val_mean_tsne,0.8589473684210527,0.863485344768938,0.8589473684210527,0.8583915568709866,
test_tsne,0.5294117647058824,0.5301156359979889,0.5294117647058824,0.5284130630180764,0.5166666666666666
