{
  "n_clusters": 32,
  "total_samples": 2111,
  "sse": 1445.2928979825924,
  "iterations": 10,
  "metrics": {
    "silhouette": 0.4275338218276851,
    "calinski_harabasz": 520.6635232711545,
    "davies_bouldin": 0.919298269259083,
    "cluster_counts": {
      