{
  "optimal_k_methods": {
    "empirical": 22,
    "elbow": 3,
    "silhouette": 10,
    "recommended": 10,
    "sse_values": [
      4591.846886342684,
      3700.480254953881,
      2747.98941283392,
      2272.0646222660794,
      1899.5068684349176,
      1637.2635297158074,
      1450.9209734612748,
      1316.2373536866696,
      1199.4904574929715
    ],
    "silhouette_values": [
      0.27716578286286747,
      0.3397253162491201,
      0.3712496921262569,
      0.3953073208067632,
      0.42076885844067574,
      0.44654083892579766,
      0.4250800125358308,
      0.460386144524422,
      0.4731312206455553
    ],
    "k_range": [
      2,
      3,
      4,
      5,
      6,
      7,
      8,
      9,
      10
    ]
  },
  "recommended_k": 10,
  "visualization_method": "t-SNE (max_iter=600, perplexity≈40, best from task II)",
  "datasets": {
    "Pilna duomenų aibė": {
      "shape": [
        972,
        16
      ],
      "features": [
        "Gender",
        "Age",
        "Height",
        "Weight",
        "family_history_with_overweight",
        "FAVC",
        "FCVC",
        "NCP",
        "CAEC",
        "SMOKE",
        "CH2O",
        "SCC",
        "FAF",
        "TUE",
        "CALC",
        "MTRANS"
      ],
      "metrics": {
        "silhouette": 0.28734260267370587,
        "calinski_harabasz": 143.6442488783468,
        "davies_bouldin": 1.2145229460907094
      },
      "cluster_sizes": {
        "0": 16,
        "1": 57,
        "2": 139,
        "3": 134,
        "4": 218,
        "5": 3,
        "6": 181,
        "7": 13,
        "8": 192,
        "9": 19
      },
      "external_metrics": {
        "ari": 0.3097869342474054,
        "nmi": 0.447083729786963
      }
    },
    "Chi² atrinkti požymiai": {
      "shape": [
        972,
        6
      ],
      "features": [
        "Gender",
        "FCVC",
        "SMOKE",
        "CALC",
        "NCP",
        "CH2O"
      ],
      "metrics": {
        "silhouette": 0.4731312206455553,
        "calinski_harabasz": 412.81178576500093,
        "davies_bouldin": 0.9255516360528837
      },
      "cluster_sizes": {
        "0": 93,
        "1": 214,
        "2": 57,
        "3": 196,
        "4": 22,
        "5": 76,
        "6": 115,
        "7": 39,
        "8": 121,
        "9": 39
      },
      "external_metrics": {
        "ari": 0.3296313992182854,
        "nmi": 0.47185396119104916
      }
    },
    "t-SNE sumažintos dimensijos": {
      "shape": [
        972,
        2
      ],
      "features": [
        "t-SNE_1",
        "t-SNE_2"
      ],
      "metrics": {
        "silhouette": 0.47693362832069397,
        "calinski_harabasz": 1975.1906475055787,
        "davies_bouldin": 0.7367276159414303
      },
      "cluster_sizes": {
        "0": 68,
        "1": 88,
        "2": 118,
        "3": 95,
        "4": 131,
        "5": 101,
        "6": 82,
        "7": 120,
        "8": 68,
        "9": 101
      },
      "external_metrics": {
        "ari": 0.2303414386898744,
        "nmi": 0.4241219328399797
      }
    }
  }
}